ID,1s,2s,3s,4s,5s,6s,1e,2e,3e,4e,5e,6e
86,R:\205.5_x_Product_pictures\205.5.6_x_VaterPictures\86-1s.jpg,R:\205.5_x_Product_pictures\205.5.6_x_VaterPictures\86-2s.jpg,,,,,R:\205.5_x_Product_pictures\205.5.6_x_VaterPictures\86-1e.jpg,R:\205.5_x_Product_pictures\205.5.6_x_VaterPictures\86-2e.jpg,,,,
136,R:\205.5_x_Product_pictures\205.5.6_x_VaterPictures\136-1s.jpg,R:\205.5_x_Product_pictures\205.5.6_x_VaterPictures\136-2s.jpg,R:\205.5_x_Product_pictures\205.5.6_x_VaterPictures\136-3s.jpg,R:\205.5_x_Product_pictures\205.5.6_x_VaterPictures\136-4s.jpg,,,R:\205.5_x_Product_pictures\205.5.6_x_VaterPictures\136-1e.jpg,R:\205.5_x_Product_pictures\205.5.6_x_VaterPictures\136-2e.jpg,R:\205.5_x_Product_pictures\205.5.6_x_VaterPictures\136-3e.jpg,R:\205.5_x_Product_pictures\205.5.6_x_VaterPictures\136-4e.jpg,,
110,R:\205.5_x_Product_pictures\205.5.6_x_VaterPictures\110-1s.jpg,R:\205.5_x_Product_pictures\205.5.6_x_VaterPictures\110-2s.jpg,R:\205.5_x_Product_pictures\205.5.6_x_VaterPictures\110-3s.jpg,,,,R:\205.5_x_Product_pictures\205.5.6_x_VaterPictures\110-1e.jpg,R:\205.5_x_Product_pictures\205.5.6_x_VaterPictures\110-2e.jpg,R:\205.5_x_Product_pictures\205.5.6_x_VaterPictures\110-3e.jpg,,,
148,R:\205.5_x_Product_pictures\205.5.6_x_VaterPictures\148-1s.jpg,R:\205.5_x_Product_pictures\205.5.6_x_VaterPictures\148-2s.jpg,R:\205.5_x_Product_pictures\205.5.6_x_VaterPictures\148-3s.jpg,R:\205.5_x_Product_pictures\205.5.6_x_VaterPictures\148-4s.jpg,,,R:\205.5_x_Product_pictures\205.5.6_x_VaterPictures\148-1e.jpg,R:\205.5_x_Product_pictures\205.5.6_x_VaterPictures\148-2e.jpg,R:\205.5_x_Product_pictures\205.5.6_x_VaterPictures\148-3e.jpg,R:\205.5_x_Product_pictures\205.5.6_x_VaterPictures\148-4e.jpg,,
186,R:\205.5_x_Product_pictures\205.5.6_x_VaterPictures\186-1s.jpg,R:\205.5_x_Product_pictures\205.5.6_x_VaterPictures\186-2s.jpg,R:\205.5_x_Product_pictures\205.5.6_x_VaterPictures\186-3s.jpg,R:\205.5_x_Product_pictures\205.5.6_x_VaterPictures\186-4s.jpg,,,R:\205.5_x_Product_pictures\205.5.6_x_VaterPictures\186-1e.jpg,R:\205.5_x_Product_pictures\205.5.6_x_VaterPictures\186-2e.jpg,R:\205.5_x_Product_pictures\205.5.6_x_VaterPictures\186-3e.jpg,R:\205.5_x_Product_pictures\205.5.6_x_VaterPictures\186-4e.jpg,,
192,R:\205.5_x_Product_pictures\205.5.6_x_VaterPictures\192-1s.jpg,R:\205.5_x_Product_pictures\205.5.6_x_VaterPictures\192-2s.jpg,R:\205.5_x_Product_pictures\205.5.6_x_VaterPictures\192-3s.jpg,R:\205.5_x_Product_pictures\205.5.6_x_VaterPictures\192-4s.jpg,,,R:\205.5_x_Product_pictures\205.5.6_x_VaterPictures\192-1e.jpg,R:\205.5_x_Product_pictures\205.5.6_x_VaterPictures\192-2e.jpg,R:\205.5_x_Product_pictures\205.5.6_x_VaterPictures\192-3e.jpg,R:\205.5_x_Product_pictures\205.5.6_x_VaterPictures\192-4e.jpg,,
98,R:\205.5_x_Product_pictures\205.5.6_x_VaterPictures\98-1s.jpg,,,,,,R:\205.5_x_Product_pictures\205.5.6_x_VaterPictures\98-1e.jpg,,,,,
209,R:\205.5_x_Product_pictures\205.5.6_x_VaterPictures\209-1s.jpg,R:\205.5_x_Product_pictures\205.5.6_x_VaterPictures\209-2s.jpg,R:\205.5_x_Product_pictures\205.5.6_x_VaterPictures\209-3s.jpg,R:\205.5_x_Product_pictures\205.5.6_x_VaterPictures\209-4s.jpg,,,R:\205.5_x_Product_pictures\205.5.6_x_VaterPictures\209-1e.jpg,R:\205.5_x_Product_pictures\205.5.6_x_VaterPictures\209-2e.jpg,R:\205.5_x_Product_pictures\205.5.6_x_VaterPictures\209-3e.jpg,R:\205.5_x_Product_pictures\205.5.6_x_VaterPictures\209-4e.jpg,,
290,R:\205.5_x_Product_pictures\205.5.6_x_VaterPictures\290-1s.jpg,R:\205.5_x_Product_pictures\205.5.6_x_VaterPictures\290-2s.jpg,R:\205.5_x_Product_pictures\205.5.6_x_VaterPictures\290-3s.jpg,R:\205.5_x_Product_pictures\205.5.6_x_VaterPictures\290-4s.jpg,,,R:\205.5_x_Product_pictures\205.5.6_x_VaterPictures\290-1e.jpg,R:\205.5_x_Product_pictures\205.5.6_x_VaterPictures\290-2e.jpg,R:\205.5_x_Product_pictures\205.5.6_x_VaterPictures\290-3e.jpg,R:\205.5_x_Product_pictures\205.5.6_x_VaterPictures\290-4e.jpg,,
749,R:\205.5_x_Product_pictures\205.5.6_x_VaterPictures\749-1s.jpg,R:\205.5_x_Product_pictures\205.5.6_x_VaterPictures\749-2s.jpg,R:\205.5_x_Product_pictures\205.5.6_x_VaterPictures\749-3s.jpg,R:\205.5_x_Product_pictures\205.5.6_x_VaterPictures\749-4s.jpg,,,R:\205.5_x_Product_pictures\205.5.6_x_VaterPictures\749-1e.jpg,R:\205.5_x_Product_pictures\205.5.6_x_VaterPictures\749-2e.jpg,R:\205.5_x_Product_pictures\205.5.6_x_VaterPictures\749-3e.jpg,R:\205.5_x_Product_pictures\205.5.6_x_VaterPictures\749-4e.jpg,,
104,R:\205.5_x_Product_pictures\205.5.6_x_VaterPictures\104-1s.jpg,,,,,,R:\205.5_x_Product_pictures\205.5.6_x_VaterPictures\104-1e.jpg,,,,,
2033,R:\205.5_x_Product_pictures\205.5.6_x_VaterPictures\2033-1s.jpg,R:\205.5_x_Product_pictures\205.5.6_x_VaterPictures\2033-2s.jpg,R:\205.5_x_Product_pictures\205.5.6_x_VaterPictures\2033-3s.jpg,R:\205.5_x_Product_pictures\205.5.6_x_VaterPictures\2033-4s.jpg,R:\205.5_x_Product_pictures\205.5.6_x_VaterPictures\2033-5s.jpg,R:\205.5_x_Product_pictures\205.5.6_x_VaterPictures\2033-6s.jpg,R:\205.5_x_Product_pictures\205.5.6_x_VaterPictures\2033-1e.jpg,R:\205.5_x_Product_pictures\205.5.6_x_VaterPictures\2033-2e.jpg,R:\205.5_x_Product_pictures\205.5.6_x_VaterPictures\2033-3e.jpg,R:\205.5_x_Product_pictures\205.5.6_x_VaterPictures\2033-4e.jpg,R:\205.5_x_Product_pictures\205.5.6_x_VaterPictures\2033-5e.jpg,R:\205.5_x_Product_pictures\205.5.6_x_VaterPictures\2033-6e.jpg
2151,R:\205.5_x_Product_pictures\205.5.6_x_VaterPictures\2151-1s.jpg,R:\205.5_x_Product_pictures\205.5.6_x_VaterPictures\2151-2s.jpg,R:\205.5_x_Product_pictures\205.5.6_x_VaterPictures\2151-3s.jpg,R:\205.5_x_Product_pictures\205.5.6_x_VaterPictures\2151-4s.jpg,,,R:\205.5_x_Product_pictures\205.5.6_x_VaterPictures\2151-1e.jpg,R:\205.5_x_Product_pictures\205.5.6_x_VaterPictures\2151-2e.jpg,R:\205.5_x_Product_pictures\205.5.6_x_VaterPictures\2151-3e.jpg,R:\205.5_x_Product_pictures\205.5.6_x_VaterPictures\2151-4e.jpg,,
214,R:\205.5_x_Product_pictures\205.5.6_x_VaterPictures\214-1s.jpg,R:\205.5_x_Product_pictures\205.5.6_x_VaterPictures\214-2s.jpg,R:\205.5_x_Product_pictures\205.5.6_x_VaterPictures\214-3s.jpg,,,,R:\205.5_x_Product_pictures\205.5.6_x_VaterPictures\214-1e.jpg,R:\205.5_x_Product_pictures\205.5.6_x_VaterPictures\214-2e.jpg,R:\205.5_x_Product_pictures\205.5.6_x_VaterPictures\214-3e.jpg,,,
2527,R:\205.5_x_Product_pictures\205.5.6_x_VaterPictures\2527-1s.jpg,R:\205.5_x_Product_pictures\205.5.6_x_VaterPictures\2527-2s.jpg,R:\205.5_x_Product_pictures\205.5.6_x_VaterPictures\2527-3s.jpg,R:\205.5_x_Product_pictures\205.5.6_x_VaterPictures\2527-4s.jpg,,,R:\205.5_x_Product_pictures\205.5.6_x_VaterPictures\2527-1e.jpg,R:\205.5_x_Product_pictures\205.5.6_x_VaterPictures\2527-2e.jpg,R:\205.5_x_Product_pictures\205.5.6_x_VaterPictures\2527-3e.jpg,R:\205.5_x_Product_pictures\205.5.6_x_VaterPictures\2527-4e.jpg,,
2534,R:\205.5_x_Product_pictures\205.5.6_x_VaterPictures\2534-1s.jpg,R:\205.5_x_Product_pictures\205.5.6_x_VaterPictures\2534-2s.jpg,R:\205.5_x_Product_pictures\205.5.6_x_VaterPictures\2534-3s.jpg,R:\205.5_x_Product_pictures\205.5.6_x_VaterPictures\2534-4s.jpg,,,R:\205.5_x_Product_pictures\205.5.6_x_VaterPictures\2534-1e.jpg,R:\205.5_x_Product_pictures\205.5.6_x_VaterPictures\2534-2e.jpg,R:\205.5_x_Product_pictures\205.5.6_x_VaterPictures\2534-3e.jpg,R:\205.5_x_Product_pictures\205.5.6_x_VaterPictures\2534-4e.jpg,,
115,R:\205.5_x_Product_pictures\205.5.6_x_VaterPictures\115-1s.jpg,,,,,,R:\205.5_x_Product_pictures\205.5.6_x_VaterPictures\115-1e.jpg,,,,,
2578,R:\205.5_x_Product_pictures\205.5.6_x_VaterPictures\2578-1s.jpg,R:\205.5_x_Product_pictures\205.5.6_x_VaterPictures\2578-2s.jpg,R:\205.5_x_Product_pictures\205.5.6_x_VaterPictures\2578-3s.jpg,R:\205.5_x_Product_pictures\205.5.6_x_VaterPictures\2578-4s.jpg,,,R:\205.5_x_Product_pictures\205.5.6_x_VaterPictures\2578-1e.jpg,R:\205.5_x_Product_pictures\205.5.6_x_VaterPictures\2578-2e.jpg,R:\205.5_x_Product_pictures\205.5.6_x_VaterPictures\2578-3e.jpg,R:\205.5_x_Product_pictures\205.5.6_x_VaterPictures\2578-4e.jpg,,
199,R:\205.5_x_Product_pictures\205.5.6_x_VaterPictures\199-1s.jpg,R:\205.5_x_Product_pictures\205.5.6_x_VaterPictures\199-2s.jpg,,,,,R:\205.5_x_Product_pictures\205.5.6_x_VaterPictures\199-1e.jpg,R:\205.5_x_Product_pictures\205.5.6_x_VaterPictures\199-2e.jpg,,,,
792,R:\205.5_x_Product_pictures\205.5.6_x_VaterPictures\792-1s.jpg,R:\205.5_x_Product_pictures\205.5.6_x_VaterPictures\792-2s.jpg,R:\205.5_x_Product_pictures\205.5.6_x_VaterPictures\792-3s.jpg,,,,R:\205.5_x_Product_pictures\205.5.6_x_VaterPictures\792-1e.jpg,R:\205.5_x_Product_pictures\205.5.6_x_VaterPictures\792-2e.jpg,R:\205.5_x_Product_pictures\205.5.6_x_VaterPictures\792-3e.jpg,,,
1995,R:\205.5_x_Product_pictures\205.5.6_x_VaterPictures\1995-1s.jpg,R:\205.5_x_Product_pictures\205.5.6_x_VaterPictures\1995-2s.jpg,R:\205.5_x_Product_pictures\205.5.6_x_VaterPictures\1995-3s.jpg,,,,R:\205.5_x_Product_pictures\205.5.6_x_VaterPictures\1995-1e.jpg,R:\205.5_x_Product_pictures\205.5.6_x_VaterPictures\1995-2e.jpg,R:\205.5_x_Product_pictures\205.5.6_x_VaterPictures\1995-3e.jpg,,,
161,R:\205.5_x_Product_pictures\205.5.6_x_VaterPictures\161-1s.jpg,,,,,,R:\205.5_x_Product_pictures\205.5.6_x_VaterPictures\161-1e.jpg,,,,,
2184,R:\205.5_x_Product_pictures\205.5.6_x_VaterPictures\2184-1s.jpg,R:\205.5_x_Product_pictures\205.5.6_x_VaterPictures\2184-2s.jpg,R:\205.5_x_Product_pictures\205.5.6_x_VaterPictures\2184-3s.jpg,,,,R:\205.5_x_Product_pictures\205.5.6_x_VaterPictures\2184-1e.jpg,R:\205.5_x_Product_pictures\205.5.6_x_VaterPictures\2184-2e.jpg,R:\205.5_x_Product_pictures\205.5.6_x_VaterPictures\2184-3e.jpg,,,
352,R:\205.5_x_Product_pictures\205.5.6_x_VaterPictures\352-1s.jpg,R:\205.5_x_Product_pictures\205.5.6_x_VaterPictures\352-2s.jpg,,,,,R:\205.5_x_Product_pictures\205.5.6_x_VaterPictures\352-1e.jpg,R:\205.5_x_Product_pictures\205.5.6_x_VaterPictures\352-2e.jpg,,,,
181,R:\205.5_x_Product_pictures\205.5.6_x_VaterPictures\181-1s.jpg,,,,,,R:\205.5_x_Product_pictures\205.5.6_x_VaterPictures\181-1e.jpg,,,,,
362,R:\205.5_x_Product_pictures\205.5.6_x_VaterPictures\362-1s.jpg,R:\205.5_x_Product_pictures\205.5.6_x_VaterPictures\362-2s.jpg,,,,,R:\205.5_x_Product_pictures\205.5.6_x_VaterPictures\362-1e.jpg,R:\205.5_x_Product_pictures\205.5.6_x_VaterPictures\362-2e.jpg,,,,
429,R:\205.5_x_Product_pictures\205.5.6_x_VaterPictures\429-1s.jpg,R:\205.5_x_Product_pictures\205.5.6_x_VaterPictures\429-2s.jpg,,,,,R:\205.5_x_Product_pictures\205.5.6_x_VaterPictures\429-1e.jpg,R:\205.5_x_Product_pictures\205.5.6_x_VaterPictures\429-2e.jpg,,,,
2958,R:\205.5_x_Product_pictures\205.5.6_x_VaterPictures\2958-1s.jpg,R:\205.5_x_Product_pictures\205.5.6_x_VaterPictures\2958-2s.jpg,R:\205.5_x_Product_pictures\205.5.6_x_VaterPictures\2958-3s.jpg,,,,R:\205.5_x_Product_pictures\205.5.6_x_VaterPictures\2958-1e.jpg,R:\205.5_x_Product_pictures\205.5.6_x_VaterPictures\2958-2e.jpg,R:\205.5_x_Product_pictures\205.5.6_x_VaterPictures\2958-3e.jpg,,,
3406,R:\205.5_x_Product_pictures\205.5.6_x_VaterPictures\3406-1s.jpg,R:\205.5_x_Product_pictures\205.5.6_x_VaterPictures\3406-2s.jpg,R:\205.5_x_Product_pictures\205.5.6_x_VaterPictures\3406-3s.jpg,,,,R:\205.5_x_Product_pictures\205.5.6_x_VaterPictures\3406-1e.jpg,R:\205.5_x_Product_pictures\205.5.6_x_VaterPictures\3406-2e.jpg,R:\205.5_x_Product_pictures\205.5.6_x_VaterPictures\3406-3e.jpg,,,
619,R:\205.5_x_Product_pictures\205.5.6_x_VaterPictures\619-1s.jpg,R:\205.5_x_Product_pictures\205.5.6_x_VaterPictures\619-2s.jpg,,,,,R:\205.5_x_Product_pictures\205.5.6_x_VaterPictures\619-1e.jpg,R:\205.5_x_Product_pictures\205.5.6_x_VaterPictures\619-2e.jpg,,,,
630,R:\205.5_x_Product_pictures\205.5.6_x_VaterPictures\630-1s.jpg,R:\205.5_x_Product_pictures\205.5.6_x_VaterPictures\630-2s.jpg,,,,,R:\205.5_x_Product_pictures\205.5.6_x_VaterPictures\630-1e.jpg,R:\205.5_x_Product_pictures\205.5.6_x_VaterPictures\630-2e.jpg,,,,
648,R:\205.5_x_Product_pictures\205.5.6_x_VaterPictures\648-1s.jpg,R:\205.5_x_Product_pictures\205.5.6_x_VaterPictures\648-2s.jpg,,,,,R:\205.5_x_Product_pictures\205.5.6_x_VaterPictures\648-1e.jpg,R:\205.5_x_Product_pictures\205.5.6_x_VaterPictures\648-2e.jpg,,,,
767,R:\205.5_x_Product_pictures\205.5.6_x_VaterPictures\767-1s.jpg,R:\205.5_x_Product_pictures\205.5.6_x_VaterPictures\767-2s.jpg,,,,,R:\205.5_x_Product_pictures\205.5.6_x_VaterPictures\767-1e.jpg,R:\205.5_x_Product_pictures\205.5.6_x_VaterPictures\767-2e.jpg,,,,
783,R:\205.5_x_Product_pictures\205.5.6_x_VaterPictures\783-1s.jpg,R:\205.5_x_Product_pictures\205.5.6_x_VaterPictures\783-2s.jpg,,,,,R:\205.5_x_Product_pictures\205.5.6_x_VaterPictures\783-1e.jpg,R:\205.5_x_Product_pictures\205.5.6_x_VaterPictures\783-2e.jpg,,,,
225,R:\205.5_x_Product_pictures\205.5.6_x_VaterPictures\225-1s.jpg,,,,,,R:\205.5_x_Product_pictures\205.5.6_x_VaterPictures\225-1e.jpg,,,,,
229,R:\205.5_x_Product_pictures\205.5.6_x_VaterPictures\229-1s.jpg,,,,,,R:\205.5_x_Product_pictures\205.5.6_x_VaterPictures\229-1e.jpg,,,,,
843,R:\205.5_x_Product_pictures\205.5.6_x_VaterPictures\843-1s.jpg,R:\205.5_x_Product_pictures\205.5.6_x_VaterPictures\843-2s.jpg,,,,,R:\205.5_x_Product_pictures\205.5.6_x_VaterPictures\843-1e.jpg,R:\205.5_x_Product_pictures\205.5.6_x_VaterPictures\843-2e.jpg,,,,
1928,R:\205.5_x_Product_pictures\205.5.6_x_VaterPictures\1928-1s.jpg,R:\205.5_x_Product_pictures\205.5.6_x_VaterPictures\1928-2s.jpg,,,,,R:\205.5_x_Product_pictures\205.5.6_x_VaterPictures\1928-1e.jpg,R:\205.5_x_Product_pictures\205.5.6_x_VaterPictures\1928-2e.jpg,,,,
233,R:\205.5_x_Product_pictures\205.5.6_x_VaterPictures\233-1s.jpg,,,,,,R:\205.5_x_Product_pictures\205.5.6_x_VaterPictures\233-1e.jpg,,,,,
2002,R:\205.5_x_Product_pictures\205.5.6_x_VaterPictures\2002-1s.jpg,R:\205.5_x_Product_pictures\205.5.6_x_VaterPictures\2002-2s.jpg,,,,,R:\205.5_x_Product_pictures\205.5.6_x_VaterPictures\2002-1e.jpg,R:\205.5_x_Product_pictures\205.5.6_x_VaterPictures\2002-2e.jpg,,,,
236,R:\205.5_x_Product_pictures\205.5.6_x_VaterPictures\236-1s.jpg,,,,,,R:\205.5_x_Product_pictures\205.5.6_x_VaterPictures\236-1e.jpg,,,,,
2015,R:\205.5_x_Product_pictures\205.5.6_x_VaterPictures\2015-1s.jpg,R:\205.5_x_Product_pictures\205.5.6_x_VaterPictures\2015-2s.jpg,,,,,R:\205.5_x_Product_pictures\205.5.6_x_VaterPictures\2015-1e.jpg,R:\205.5_x_Product_pictures\205.5.6_x_VaterPictures\2015-2e.jpg,,,,
277,R:\205.5_x_Product_pictures\205.5.6_x_VaterPictures\277-1s.jpg,,,,,,R:\205.5_x_Product_pictures\205.5.6_x_VaterPictures\277-1e.jpg,,,,,
2199,R:\205.5_x_Product_pictures\205.5.6_x_VaterPictures\2199-1s.jpg,R:\205.5_x_Product_pictures\205.5.6_x_VaterPictures\2199-2s.jpg,,,,,R:\205.5_x_Product_pictures\205.5.6_x_VaterPictures\2199-1e.jpg,R:\205.5_x_Product_pictures\205.5.6_x_VaterPictures\2199-2e.jpg,,,,
2394,R:\205.5_x_Product_pictures\205.5.6_x_VaterPictures\2394-1s.jpg,R:\205.5_x_Product_pictures\205.5.6_x_VaterPictures\2394-2s.jpg,,,,,R:\205.5_x_Product_pictures\205.5.6_x_VaterPictures\2394-1e.jpg,R:\205.5_x_Product_pictures\205.5.6_x_VaterPictures\2394-2e.jpg,,,,
368,R:\205.5_x_Product_pictures\205.5.6_x_VaterPictures\368-1s.jpg,,,,,,R:\205.5_x_Product_pictures\205.5.6_x_VaterPictures\368-1e.jpg,,,,,
409,R:\205.5_x_Product_pictures\205.5.6_x_VaterPictures\409-1s.jpg,,,,,,R:\205.5_x_Product_pictures\205.5.6_x_VaterPictures\409-1e.jpg,,,,,
412,R:\205.5_x_Product_pictures\205.5.6_x_VaterPictures\412-1s.jpg,,,,,,R:\205.5_x_Product_pictures\205.5.6_x_VaterPictures\412-1e.jpg,,,,,
2593,R:\205.5_x_Product_pictures\205.5.6_x_VaterPictures\2593-1s.jpg,R:\205.5_x_Product_pictures\205.5.6_x_VaterPictures\2593-2s.jpg,,,,,R:\205.5_x_Product_pictures\205.5.6_x_VaterPictures\2593-1e.jpg,R:\205.5_x_Product_pictures\205.5.6_x_VaterPictures\2593-2e.jpg,,,,
2743,R:\205.5_x_Product_pictures\205.5.6_x_VaterPictures\2743-1s.jpg,R:\205.5_x_Product_pictures\205.5.6_x_VaterPictures\2743-2s.jpg,,,,,R:\205.5_x_Product_pictures\205.5.6_x_VaterPictures\2743-1e.jpg,R:\205.5_x_Product_pictures\205.5.6_x_VaterPictures\2743-2e.jpg,,,,
450,R:\205.5_x_Product_pictures\205.5.6_x_VaterPictures\450-1s.jpg,,,,,,R:\205.5_x_Product_pictures\205.5.6_x_VaterPictures\450-1e.jpg,,,,,
3012,R:\205.5_x_Product_pictures\205.5.6_x_VaterPictures\3012-1s.jpg,R:\205.5_x_Product_pictures\205.5.6_x_VaterPictures\3012-2s.jpg,,,,,R:\205.5_x_Product_pictures\205.5.6_x_VaterPictures\3012-1e.jpg,R:\205.5_x_Product_pictures\205.5.6_x_VaterPictures\3012-2e.jpg,,,,
453,R:\205.5_x_Product_pictures\205.5.6_x_VaterPictures\453-1s.jpg,,,,,,R:\205.5_x_Product_pictures\205.5.6_x_VaterPictures\453-1e.jpg,,,,,
3546,R:\205.5_x_Product_pictures\205.5.6_x_VaterPictures\3546-1s.jpg,R:\205.5_x_Product_pictures\205.5.6_x_VaterPictures\3546-2s.jpg,,,,,R:\205.5_x_Product_pictures\205.5.6_x_VaterPictures\3546-1e.jpg,R:\205.5_x_Product_pictures\205.5.6_x_VaterPictures\3546-2e.jpg,,,,
457,R:\205.5_x_Product_pictures\205.5.6_x_VaterPictures\457-1s.jpg,,,,,,R:\205.5_x_Product_pictures\205.5.6_x_VaterPictures\457-1e.jpg,,,,,
3630,R:\205.5_x_Product_pictures\205.5.6_x_VaterPictures\3630-1s.jpg,R:\205.5_x_Product_pictures\205.5.6_x_VaterPictures\3630-2s.jpg,,,,,R:\205.5_x_Product_pictures\205.5.6_x_VaterPictures\3630-1e.jpg,R:\205.5_x_Product_pictures\205.5.6_x_VaterPictures\3630-2e.jpg,,,,
462,R:\205.5_x_Product_pictures\205.5.6_x_VaterPictures\462-1s.jpg,,,,,,R:\205.5_x_Product_pictures\205.5.6_x_VaterPictures\462-1e.jpg,,,,,
3752,R:\205.5_x_Product_pictures\205.5.6_x_VaterPictures\3752-1s.jpg,R:\205.5_x_Product_pictures\205.5.6_x_VaterPictures\3752-2s.jpg,,,,,R:\205.5_x_Product_pictures\205.5.6_x_VaterPictures\3752-1e.jpg,R:\205.5_x_Product_pictures\205.5.6_x_VaterPictures\3752-2e.jpg,,,,
3869,R:\205.5_x_Product_pictures\205.5.6_x_VaterPictures\3869-1s.jpg,R:\205.5_x_Product_pictures\205.5.6_x_VaterPictures\3869-2s.jpg,R:\205.5_x_Product_pictures\205.5.6_x_VaterPictures\3869-3s.jpg,,,,R:\205.5_x_Product_pictures\205.5.6_x_VaterPictures\3869-1e.jpg,R:\205.5_x_Product_pictures\205.5.6_x_VaterPictures\3869-2e.jpg,R:\205.5_x_Product_pictures\205.5.6_x_VaterPictures\3869-3e.jpg,,,
490,R:\205.5_x_Product_pictures\205.5.6_x_VaterPictures\490-1s.jpg,,,,,,R:\205.5_x_Product_pictures\205.5.6_x_VaterPictures\490-1e.jpg,,,,,
4034,R:\205.5_x_Product_pictures\205.5.6_x_VaterPictures\4034-1s.jpg,R:\205.5_x_Product_pictures\205.5.6_x_VaterPictures\4034-2s.jpg,R:\205.5_x_Product_pictures\205.5.6_x_VaterPictures\4034-3s.jpg,R:\205.5_x_Product_pictures\205.5.6_x_VaterPictures\4034-4s.jpg,,,R:\205.5_x_Product_pictures\205.5.6_x_VaterPictures\4034-1e.jpg,R:\205.5_x_Product_pictures\205.5.6_x_VaterPictures\4034-2e.jpg,R:\205.5_x_Product_pictures\205.5.6_x_VaterPictures\4034-3e.jpg,R:\205.5_x_Product_pictures\205.5.6_x_VaterPictures\4034-4e.jpg,,
509,R:\205.5_x_Product_pictures\205.5.6_x_VaterPictures\509-1s.jpg,,,,,,R:\205.5_x_Product_pictures\205.5.6_x_VaterPictures\509-1e.jpg,,,,,
4057,R:\205.5_x_Product_pictures\205.5.6_x_VaterPictures\4057-1s.jpg,R:\205.5_x_Product_pictures\205.5.6_x_VaterPictures\4057-2s.jpg,R:\205.5_x_Product_pictures\205.5.6_x_VaterPictures\4057-3s.jpg,R:\205.5_x_Product_pictures\205.5.6_x_VaterPictures\4057-4s.jpg,,,R:\205.5_x_Product_pictures\205.5.6_x_VaterPictures\4057-1e.jpg,R:\205.5_x_Product_pictures\205.5.6_x_VaterPictures\4057-2e.jpg,R:\205.5_x_Product_pictures\205.5.6_x_VaterPictures\4057-3e.jpg,R:\205.5_x_Product_pictures\205.5.6_x_VaterPictures\4057-4e.jpg,,
4097,R:\205.5_x_Product_pictures\205.5.6_x_VaterPictures\4097-1s.jpg,R:\205.5_x_Product_pictures\205.5.6_x_VaterPictures\4097-2s.jpg,R:\205.5_x_Product_pictures\205.5.6_x_VaterPictures\4097-3s.jpg,R:\205.5_x_Product_pictures\205.5.6_x_VaterPictures\4097-4s.jpg,,,R:\205.5_x_Product_pictures\205.5.6_x_VaterPictures\4097-1e.jpg,R:\205.5_x_Product_pictures\205.5.6_x_VaterPictures\4097-2e.jpg,R:\205.5_x_Product_pictures\205.5.6_x_VaterPictures\4097-3e.jpg,R:\205.5_x_Product_pictures\205.5.6_x_VaterPictures\4097-4e.jpg,,
606,R:\205.5_x_Product_pictures\205.5.6_x_VaterPictures\606-1s.jpg,,,,,,R:\205.5_x_Product_pictures\205.5.6_x_VaterPictures\606-1e.jpg,,,,,
4159,R:\205.5_x_Product_pictures\205.5.6_x_VaterPictures\4159-1s.jpg,R:\205.5_x_Product_pictures\205.5.6_x_VaterPictures\4159-2s.jpg,,,,,R:\205.5_x_Product_pictures\205.5.6_x_VaterPictures\4159-1e.jpg,R:\205.5_x_Product_pictures\205.5.6_x_VaterPictures\4159-2e.jpg,,,,
611,R:\205.5_x_Product_pictures\205.5.6_x_VaterPictures\611-1s.jpg,,,,,,R:\205.5_x_Product_pictures\205.5.6_x_VaterPictures\611-1e.jpg,,,,,
4164,R:\205.5_x_Product_pictures\205.5.6_x_VaterPictures\4164-1s.jpg,R:\205.5_x_Product_pictures\205.5.6_x_VaterPictures\4164-2s.jpg,,,,,R:\205.5_x_Product_pictures\205.5.6_x_VaterPictures\4164-1e.jpg,R:\205.5_x_Product_pictures\205.5.6_x_VaterPictures\4164-2e.jpg,,,,
4183,R:\205.5_x_Product_pictures\205.5.6_x_VaterPictures\4183-1s.jpg,R:\205.5_x_Product_pictures\205.5.6_x_VaterPictures\4183-2s.jpg,,,,,R:\205.5_x_Product_pictures\205.5.6_x_VaterPictures\4183-1e.jpg,R:\205.5_x_Product_pictures\205.5.6_x_VaterPictures\4183-2e.jpg,,,,
4189,R:\205.5_x_Product_pictures\205.5.6_x_VaterPictures\4189-1s.jpg,R:\205.5_x_Product_pictures\205.5.6_x_VaterPictures\4189-2s.jpg,,,,,R:\205.5_x_Product_pictures\205.5.6_x_VaterPictures\4189-1e.jpg,R:\205.5_x_Product_pictures\205.5.6_x_VaterPictures\4189-2e.jpg,,,,
707,R:\205.5_x_Product_pictures\205.5.6_x_VaterPictures\707-1s.jpg,,,,,,R:\205.5_x_Product_pictures\205.5.6_x_VaterPictures\707-1e.jpg,,,,,
4213,R:\205.5_x_Product_pictures\205.5.6_x_VaterPictures\4213-1s.jpg,R:\205.5_x_Product_pictures\205.5.6_x_VaterPictures\4213-2s.jpg,,,,,R:\205.5_x_Product_pictures\205.5.6_x_VaterPictures\4213-1e.jpg,R:\205.5_x_Product_pictures\205.5.6_x_VaterPictures\4213-2e.jpg,,,,
4237,R:\205.5_x_Product_pictures\205.5.6_x_VaterPictures\4237-1s.jpg,R:\205.5_x_Product_pictures\205.5.6_x_VaterPictures\4237-2s.jpg,R:\205.5_x_Product_pictures\205.5.6_x_VaterPictures\4237-3s.jpg,,,,R:\205.5_x_Product_pictures\205.5.6_x_VaterPictures\4237-1e.jpg,R:\205.5_x_Product_pictures\205.5.6_x_VaterPictures\4237-2e.jpg,R:\205.5_x_Product_pictures\205.5.6_x_VaterPictures\4237-3e.jpg,,,
745,R:\205.5_x_Product_pictures\205.5.6_x_VaterPictures\745-1s.jpg,,,,,,R:\205.5_x_Product_pictures\205.5.6_x_VaterPictures\745-1e.jpg,,,,,
4249,R:\205.5_x_Product_pictures\205.5.6_x_VaterPictures\4249-1s.jpg,R:\205.5_x_Product_pictures\205.5.6_x_VaterPictures\4249-2s.jpg,R:\205.5_x_Product_pictures\205.5.6_x_VaterPictures\4249-3s.jpg,R:\205.5_x_Product_pictures\205.5.6_x_VaterPictures\4249-4s.jpg,R:\205.5_x_Product_pictures\205.5.6_x_VaterPictures\4249-5s.jpg,,R:\205.5_x_Product_pictures\205.5.6_x_VaterPictures\4249-1e.jpg,R:\205.5_x_Product_pictures\205.5.6_x_VaterPictures\4249-2e.jpg,R:\205.5_x_Product_pictures\205.5.6_x_VaterPictures\4249-3e.jpg,R:\205.5_x_Product_pictures\205.5.6_x_VaterPictures\4249-4e.jpg,R:\205.5_x_Product_pictures\205.5.6_x_VaterPictures\4249-5e.jpg,
4256,R:\205.5_x_Product_pictures\205.5.6_x_VaterPictures\4256-1s.jpg,R:\205.5_x_Product_pictures\205.5.6_x_VaterPictures\4256-2s.jpg,R:\205.5_x_Product_pictures\205.5.6_x_VaterPictures\4256-3s.jpg,,,,R:\205.5_x_Product_pictures\205.5.6_x_VaterPictures\4256-1e.jpg,R:\205.5_x_Product_pictures\205.5.6_x_VaterPictures\4256-2e.jpg,R:\205.5_x_Product_pictures\205.5.6_x_VaterPictures\4256-3e.jpg,,,
4291,R:\205.5_x_Product_pictures\205.5.6_x_VaterPictures\4291-1s.jpg,R:\205.5_x_Product_pictures\205.5.6_x_VaterPictures\4291-2s.jpg,R:\205.5_x_Product_pictures\205.5.6_x_VaterPictures\4291-3s.jpg,,,,R:\205.5_x_Product_pictures\205.5.6_x_VaterPictures\4291-1e.jpg,R:\205.5_x_Product_pictures\205.5.6_x_VaterPictures\4291-2e.jpg,R:\205.5_x_Product_pictures\205.5.6_x_VaterPictures\4291-3e.jpg,,,
798,R:\205.5_x_Product_pictures\205.5.6_x_VaterPictures\798-1s.jpg,,,,,,R:\205.5_x_Product_pictures\205.5.6_x_VaterPictures\798-1e.jpg,,,,,
4309,R:\205.5_x_Product_pictures\205.5.6_x_VaterPictures\4309-1s.jpg,R:\205.5_x_Product_pictures\205.5.6_x_VaterPictures\4309-2s.jpg,,,,,R:\205.5_x_Product_pictures\205.5.6_x_VaterPictures\4309-1e.jpg,R:\205.5_x_Product_pictures\205.5.6_x_VaterPictures\4309-2e.jpg,,,,
4339,R:\205.5_x_Product_pictures\205.5.6_x_VaterPictures\4339-1s.jpg,R:\205.5_x_Product_pictures\205.5.6_x_VaterPictures\4339-2s.jpg,R:\205.5_x_Product_pictures\205.5.6_x_VaterPictures\4339-3s.jpg,R:\205.5_x_Product_pictures\205.5.6_x_VaterPictures\4339-4s.jpg,,,R:\205.5_x_Product_pictures\205.5.6_x_VaterPictures\4339-1e.jpg,R:\205.5_x_Product_pictures\205.5.6_x_VaterPictures\4339-2e.jpg,R:\205.5_x_Product_pictures\205.5.6_x_VaterPictures\4339-3e.jpg,R:\205.5_x_Product_pictures\205.5.6_x_VaterPictures\4339-4e.jpg,,
1884,R:\205.5_x_Product_pictures\205.5.6_x_VaterPictures\1884-1s.jpg,,,,,,R:\205.5_x_Product_pictures\205.5.6_x_VaterPictures\1884-1e.jpg,,,,,
4353,R:\205.5_x_Product_pictures\205.5.6_x_VaterPictures\4353-1s.jpg,R:\205.5_x_Product_pictures\205.5.6_x_VaterPictures\4353-2s.jpg,R:\205.5_x_Product_pictures\205.5.6_x_VaterPictures\4353-3s.jpg,,,,R:\205.5_x_Product_pictures\205.5.6_x_VaterPictures\4353-1e.jpg,R:\205.5_x_Product_pictures\205.5.6_x_VaterPictures\4353-2e.jpg,R:\205.5_x_Product_pictures\205.5.6_x_VaterPictures\4353-3e.jpg,,,
1954,R:\205.5_x_Product_pictures\205.5.6_x_VaterPictures\1954-1s.jpg,,,,,,R:\205.5_x_Product_pictures\205.5.6_x_VaterPictures\1954-1e.jpg,,,,,
4400,R:\205.5_x_Product_pictures\205.5.6_x_VaterPictures\4400-1s.jpg,R:\205.5_x_Product_pictures\205.5.6_x_VaterPictures\4400-2s.jpg,R:\205.5_x_Product_pictures\205.5.6_x_VaterPictures\4400-3s.jpg,,,,R:\205.5_x_Product_pictures\205.5.6_x_VaterPictures\4400-1e.jpg,R:\205.5_x_Product_pictures\205.5.6_x_VaterPictures\4400-2e.jpg,R:\205.5_x_Product_pictures\205.5.6_x_VaterPictures\4400-3e.jpg,,,
4463,R:\205.5_x_Product_pictures\205.5.6_x_VaterPictures\4463-1s.jpg,R:\205.5_x_Product_pictures\205.5.6_x_VaterPictures\4463-2s.jpg,R:\205.5_x_Product_pictures\205.5.6_x_VaterPictures\4463-3s.jpg,,,,R:\205.5_x_Product_pictures\205.5.6_x_VaterPictures\4463-1e.jpg,R:\205.5_x_Product_pictures\205.5.6_x_VaterPictures\4463-2e.jpg,R:\205.5_x_Product_pictures\205.5.6_x_VaterPictures\4463-3e.jpg,,,
1988,R:\205.5_x_Product_pictures\205.5.6_x_VaterPictures\1988-1s.jpg,,,,,,R:\205.5_x_Product_pictures\205.5.6_x_VaterPictures\1988-1e.jpg,,,,,
4504,R:\205.5_x_Product_pictures\205.5.6_x_VaterPictures\4504-1s.jpg,R:\205.5_x_Product_pictures\205.5.6_x_VaterPictures\4504-2s.jpg,,,,,R:\205.5_x_Product_pictures\205.5.6_x_VaterPictures\4504-1e.jpg,R:\205.5_x_Product_pictures\205.5.6_x_VaterPictures\4504-2e.jpg,,,,
4510,R:\205.5_x_Product_pictures\205.5.6_x_VaterPictures\4510-1s.jpg,R:\205.5_x_Product_pictures\205.5.6_x_VaterPictures\4510-2s.jpg,,,,,R:\205.5_x_Product_pictures\205.5.6_x_VaterPictures\4510-1e.jpg,R:\205.5_x_Product_pictures\205.5.6_x_VaterPictures\4510-2e.jpg,,,,
2028,R:\205.5_x_Product_pictures\205.5.6_x_VaterPictures\2028-1s.jpg,,,,,,R:\205.5_x_Product_pictures\205.5.6_x_VaterPictures\2028-1e.jpg,,,,,
4515,R:\205.5_x_Product_pictures\205.5.6_x_VaterPictures\4515-1s.jpg,R:\205.5_x_Product_pictures\205.5.6_x_VaterPictures\4515-2s.jpg,R:\205.5_x_Product_pictures\205.5.6_x_VaterPictures\4515-3s.jpg,R:\205.5_x_Product_pictures\205.5.6_x_VaterPictures\4515-4s.jpg,,,R:\205.5_x_Product_pictures\205.5.6_x_VaterPictures\4515-1e.jpg,R:\205.5_x_Product_pictures\205.5.6_x_VaterPictures\4515-2e.jpg,R:\205.5_x_Product_pictures\205.5.6_x_VaterPictures\4515-3e.jpg,R:\205.5_x_Product_pictures\205.5.6_x_VaterPictures\4515-4e.jpg,,
2044,R:\205.5_x_Product_pictures\205.5.6_x_VaterPictures\2044-1s.jpg,,,,,,R:\205.5_x_Product_pictures\205.5.6_x_VaterPictures\2044-1e.jpg,,,,,
4519,R:\205.5_x_Product_pictures\205.5.6_x_VaterPictures\4519-1s.jpg,R:\205.5_x_Product_pictures\205.5.6_x_VaterPictures\4519-2s.jpg,,,,,R:\205.5_x_Product_pictures\205.5.6_x_VaterPictures\4519-1e.jpg,R:\205.5_x_Product_pictures\205.5.6_x_VaterPictures\4519-2e.jpg,,,,
4559,R:\205.5_x_Product_pictures\205.5.6_x_VaterPictures\4559-1s.jpg,R:\205.5_x_Product_pictures\205.5.6_x_VaterPictures\4559-2s.jpg,R:\205.5_x_Product_pictures\205.5.6_x_VaterPictures\4559-3s.jpg,R:\205.5_x_Product_pictures\205.5.6_x_VaterPictures\4559-4s.jpg,R:\205.5_x_Product_pictures\205.5.6_x_VaterPictures\4559-5s.jpg,,R:\205.5_x_Product_pictures\205.5.6_x_VaterPictures\4559-1e.jpg,R:\205.5_x_Product_pictures\205.5.6_x_VaterPictures\4559-2e.jpg,R:\205.5_x_Product_pictures\205.5.6_x_VaterPictures\4559-3e.jpg,R:\205.5_x_Product_pictures\205.5.6_x_VaterPictures\4559-4e.jpg,R:\205.5_x_Product_pictures\205.5.6_x_VaterPictures\4559-5e.jpg,
2138,R:\205.5_x_Product_pictures\205.5.6_x_VaterPictures\2138-1s.jpg,,,,,,R:\205.5_x_Product_pictures\205.5.6_x_VaterPictures\2138-1e.jpg,,,,,
4582,R:\205.5_x_Product_pictures\205.5.6_x_VaterPictures\4582-1s.jpg,R:\205.5_x_Product_pictures\205.5.6_x_VaterPictures\4582-2s.jpg,R:\205.5_x_Product_pictures\205.5.6_x_VaterPictures\4582-3s.jpg,,,,R:\205.5_x_Product_pictures\205.5.6_x_VaterPictures\4582-1e.jpg,R:\205.5_x_Product_pictures\205.5.6_x_VaterPictures\4582-2e.jpg,R:\205.5_x_Product_pictures\205.5.6_x_VaterPictures\4582-3e.jpg,,,
2171,R:\205.5_x_Product_pictures\205.5.6_x_VaterPictures\2171-1s.jpg,,,,,,R:\205.5_x_Product_pictures\205.5.6_x_VaterPictures\2171-1e.jpg,,,,,
2370,R:\205.5_x_Product_pictures\205.5.6_x_VaterPictures\2370-1s.jpg,,,,,,R:\205.5_x_Product_pictures\205.5.6_x_VaterPictures\2370-1e.jpg,,,,,
2374,R:\205.5_x_Product_pictures\205.5.6_x_VaterPictures\2374-1s.jpg,,,,,,R:\205.5_x_Product_pictures\205.5.6_x_VaterPictures\2374-1e.jpg,,,,,
2418,R:\205.5_x_Product_pictures\205.5.6_x_VaterPictures\2418-1s.jpg,,,,,,R:\205.5_x_Product_pictures\205.5.6_x_VaterPictures\2418-1e.jpg,,,,,
2554,R:\205.5_x_Product_pictures\205.5.6_x_VaterPictures\2554-1s.jpg,,,,,,R:\205.5_x_Product_pictures\205.5.6_x_VaterPictures\2554-1e.jpg,,,,,
2557,R:\205.5_x_Product_pictures\205.5.6_x_VaterPictures\2557-1s.jpg,,,,,,R:\205.5_x_Product_pictures\205.5.6_x_VaterPictures\2557-1e.jpg,,,,,
2584,R:\205.5_x_Product_pictures\205.5.6_x_VaterPictures\2584-1s.jpg,,,,,,R:\205.5_x_Product_pictures\205.5.6_x_VaterPictures\2584-1e.jpg,,,,,
2603,R:\205.5_x_Product_pictures\205.5.6_x_VaterPictures\2603-1s.jpg,,,,,,R:\205.5_x_Product_pictures\205.5.6_x_VaterPictures\2603-1e.jpg,,,,,
2619,R:\205.5_x_Product_pictures\205.5.6_x_VaterPictures\2619-1s.jpg,,,,,,R:\205.5_x_Product_pictures\205.5.6_x_VaterPictures\2619-1e.jpg,,,,,
3016,R:\205.5_x_Product_pictures\205.5.6_x_VaterPictures\3016-1s.jpg,,,,,,R:\205.5_x_Product_pictures\205.5.6_x_VaterPictures\3016-1e.jpg,,,,,
3197,R:\205.5_x_Product_pictures\205.5.6_x_VaterPictures\3197-1s.jpg,,,,,,R:\205.5_x_Product_pictures\205.5.6_x_VaterPictures\3197-1e.jpg,,,,,
4059,R:\205.5_x_Product_pictures\205.5.6_x_VaterPictures\4059-1s.jpg,,,,,,R:\205.5_x_Product_pictures\205.5.6_x_VaterPictures\4059-1e.jpg,,,,,
4108,R:\205.5_x_Product_pictures\205.5.6_x_VaterPictures\4108-1s.jpg,,,,,,R:\205.5_x_Product_pictures\205.5.6_x_VaterPictures\4108-1e.jpg,,,,,
4125,R:\205.5_x_Product_pictures\205.5.6_x_VaterPictures\4125-1s.jpg,,,,,,R:\205.5_x_Product_pictures\205.5.6_x_VaterPictures\4125-1e.jpg,,,,,
4129,R:\205.5_x_Product_pictures\205.5.6_x_VaterPictures\4129-1s.jpg,,,,,,R:\205.5_x_Product_pictures\205.5.6_x_VaterPictures\4129-1e.jpg,,,,,
4139,R:\205.5_x_Product_pictures\205.5.6_x_VaterPictures\4139-1s.jpg,,,,,,R:\205.5_x_Product_pictures\205.5.6_x_VaterPictures\4139-1e.jpg,,,,,
4154,R:\205.5_x_Product_pictures\205.5.6_x_VaterPictures\4154-1s.jpg,,,,,,R:\205.5_x_Product_pictures\205.5.6_x_VaterPictures\4154-1e.jpg,,,,,
4168,R:\205.5_x_Product_pictures\205.5.6_x_VaterPictures\4168-1s.jpg,,,,,,R:\205.5_x_Product_pictures\205.5.6_x_VaterPictures\4168-1e.jpg,,,,,
4269,R:\205.5_x_Product_pictures\205.5.6_x_VaterPictures\4269-1s.jpg,,,,,,R:\205.5_x_Product_pictures\205.5.6_x_VaterPictures\4269-1e.jpg,,,,,
4296,R:\205.5_x_Product_pictures\205.5.6_x_VaterPictures\4296-1s.jpg,,,,,,R:\205.5_x_Product_pictures\205.5.6_x_VaterPictures\4296-1e.jpg,,,,,
4298,R:\205.5_x_Product_pictures\205.5.6_x_VaterPictures\4298-1s.jpg,,,,,,R:\205.5_x_Product_pictures\205.5.6_x_VaterPictures\4298-1e.jpg,,,,,
4479,R:\205.5_x_Product_pictures\205.5.6_x_VaterPictures\4479-1s.jpg,,,,,,R:\205.5_x_Product_pictures\205.5.6_x_VaterPictures\4479-1e.jpg,,,,,
4490,R:\205.5_x_Product_pictures\205.5.6_x_VaterPictures\4490-1s.jpg,,,,,,R:\205.5_x_Product_pictures\205.5.6_x_VaterPictures\4490-1e.jpg,,,,,
4570,R:\205.5_x_Product_pictures\205.5.6_x_VaterPictures\4570-1s.jpg,,,,,,R:\205.5_x_Product_pictures\205.5.6_x_VaterPictures\4570-1e.jpg,,,,,
4601,R:\205.5_x_Product_pictures\205.5.6_x_VaterPictures\4601-1s.jpg,,,,,,R:\205.5_x_Product_pictures\205.5.6_x_VaterPictures\4601-1e.jpg,,,,,
4606,R:\205.5_x_Product_pictures\205.5.6_x_VaterPictures\4606-1s.jpg,,,,,,R:\205.5_x_Product_pictures\205.5.6_x_VaterPictures\4606-1e.jpg,,,,,
4629,R:\205.5_x_Product_pictures\205.5.6_x_VaterPictures\4629-1s.jpg,,,,,,R:\205.5_x_Product_pictures\205.5.6_x_VaterPictures\4629-1e.jpg,,,,,
4634,R:\205.5_x_Product_pictures\205.5.6_x_VaterPictures\4634-1s.jpg,R:\205.5_x_Product_pictures\205.5.6_x_VaterPictures\4634-2s.jpg,,,,,R:\205.5_x_Product_pictures\205.5.6_x_VaterPictures\4634-1e.jpg,R:\205.5_x_Product_pictures\205.5.6_x_VaterPictures\4634-2e.jpg,,,,
4662,R:\205.5_x_Product_pictures\205.5.6_x_VaterPictures\4662-1s.jpg,R:\205.5_x_Product_pictures\205.5.6_x_VaterPictures\4662-2s.jpg,,,,,R:\205.5_x_Product_pictures\205.5.6_x_VaterPictures\4662-1e.jpg,R:\205.5_x_Product_pictures\205.5.6_x_VaterPictures\4662-2e.jpg,,,,
4669,R:\205.5_x_Product_pictures\205.5.6_x_VaterPictures\4669-1s.jpg,R:\205.5_x_Product_pictures\205.5.6_x_VaterPictures\4669-2s.jpg,R:\205.5_x_Product_pictures\205.5.6_x_VaterPictures\4669-3s.jpg,R:\205.5_x_Product_pictures\205.5.6_x_VaterPictures\4669-4s.jpg,R:\205.5_x_Product_pictures\205.5.6_x_VaterPictures\4669-5s.jpg,R:\205.5_x_Product_pictures\205.5.6_x_VaterPictures\4669-6s.jpg,R:\205.5_x_Product_pictures\205.5.6_x_VaterPictures\4669-1e.jpg,R:\205.5_x_Product_pictures\205.5.6_x_VaterPictures\4669-2e.jpg,R:\205.5_x_Product_pictures\205.5.6_x_VaterPictures\4669-3e.jpg,R:\205.5_x_Product_pictures\205.5.6_x_VaterPictures\4669-4e.jpg,R:\205.5_x_Product_pictures\205.5.6_x_VaterPictures\4669-5e.jpg,R:\205.5_x_Product_pictures\205.5.6_x_VaterPictures\4669-6e.jpg
4701,R:\205.5_x_Product_pictures\205.5.6_x_VaterPictures\4701-1s.jpg,R:\205.5_x_Product_pictures\205.5.6_x_VaterPictures\4701-2s.jpg,,,,,R:\205.5_x_Product_pictures\205.5.6_x_VaterPictures\4701-1e.jpg,R:\205.5_x_Product_pictures\205.5.6_x_VaterPictures\4701-2e.jpg,,,,
4707,R:\205.5_x_Product_pictures\205.5.6_x_VaterPictures\4707-1s.jpg,R:\205.5_x_Product_pictures\205.5.6_x_VaterPictures\4707-2s.jpg,,,,,R:\205.5_x_Product_pictures\205.5.6_x_VaterPictures\4707-1e.jpg,R:\205.5_x_Product_pictures\205.5.6_x_VaterPictures\4707-2e.jpg,,,,
4718,R:\205.5_x_Product_pictures\205.5.6_x_VaterPictures\4718-1s.jpg,R:\205.5_x_Product_pictures\205.5.6_x_VaterPictures\4718-2s.jpg,,,,,R:\205.5_x_Product_pictures\205.5.6_x_VaterPictures\4718-1e.jpg,R:\205.5_x_Product_pictures\205.5.6_x_VaterPictures\4718-2e.jpg,,,,
4732,R:\205.5_x_Product_pictures\205.5.6_x_VaterPictures\4732-1s.jpg,,,,,,R:\205.5_x_Product_pictures\205.5.6_x_VaterPictures\4732-1e.jpg,,,,,
4736,R:\205.5_x_Product_pictures\205.5.6_x_VaterPictures\4736-1s.jpg,R:\205.5_x_Product_pictures\205.5.6_x_VaterPictures\4736-2s.jpg,R:\205.5_x_Product_pictures\205.5.6_x_VaterPictures\4736-3s.jpg,,,,R:\205.5_x_Product_pictures\205.5.6_x_VaterPictures\4736-1e.jpg,R:\205.5_x_Product_pictures\205.5.6_x_VaterPictures\4736-2e.jpg,R:\205.5_x_Product_pictures\205.5.6_x_VaterPictures\4736-3e.jpg,,,
4746,R:\205.5_x_Product_pictures\205.5.6_x_VaterPictures\4746-1s.jpg,,,,,,R:\205.5_x_Product_pictures\205.5.6_x_VaterPictures\4746-1e.jpg,,,,,
4750,R:\205.5_x_Product_pictures\205.5.6_x_VaterPictures\4750-1s.jpg,,,,,,R:\205.5_x_Product_pictures\205.5.6_x_VaterPictures\4750-1e.jpg,,,,,
4757,R:\205.5_x_Product_pictures\205.5.6_x_VaterPictures\4757-1s.jpg,R:\205.5_x_Product_pictures\205.5.6_x_VaterPictures\4757-2s.jpg,,,,,R:\205.5_x_Product_pictures\205.5.6_x_VaterPictures\4757-1e.jpg,R:\205.5_x_Product_pictures\205.5.6_x_VaterPictures\4757-2e.jpg,,,,
4777,R:\205.5_x_Product_pictures\205.5.6_x_VaterPictures\4777-1s.jpg,R:\205.5_x_Product_pictures\205.5.6_x_VaterPictures\4777-2s.jpg,R:\205.5_x_Product_pictures\205.5.6_x_VaterPictures\4777-3s.jpg,R:\205.5_x_Product_pictures\205.5.6_x_VaterPictures\4777-4s.jpg,,,R:\205.5_x_Product_pictures\205.5.6_x_VaterPictures\4777-1e.jpg,R:\205.5_x_Product_pictures\205.5.6_x_VaterPictures\4777-2e.jpg,R:\205.5_x_Product_pictures\205.5.6_x_VaterPictures\4777-3e.jpg,R:\205.5_x_Product_pictures\205.5.6_x_VaterPictures\4777-4e.jpg,,
4782,R:\205.5_x_Product_pictures\205.5.6_x_VaterPictures\4782-1s.jpg,,,,,,R:\205.5_x_Product_pictures\205.5.6_x_VaterPictures\4782-1e.jpg,,,,,
4802,R:\205.5_x_Product_pictures\205.5.6_x_VaterPictures\4802-1s.jpg,,,,,,R:\205.5_x_Product_pictures\205.5.6_x_VaterPictures\4802-1e.jpg,,,,,
4817,R:\205.5_x_Product_pictures\205.5.6_x_VaterPictures\4817-1s.jpg,,,,,,R:\205.5_x_Product_pictures\205.5.6_x_VaterPictures\4817-1e.jpg,,,,,
4824,R:\205.5_x_Product_pictures\205.5.6_x_VaterPictures\4824-1s.jpg,,,,,,R:\205.5_x_Product_pictures\205.5.6_x_VaterPictures\4824-1e.jpg,,,,,
4838,R:\205.5_x_Product_pictures\205.5.6_x_VaterPictures\4838-1s.jpg,R:\205.5_x_Product_pictures\205.5.6_x_VaterPictures\4838-2s.jpg,R:\205.5_x_Product_pictures\205.5.6_x_VaterPictures\4838-3s.jpg,,,,R:\205.5_x_Product_pictures\205.5.6_x_VaterPictures\4838-1e.jpg,R:\205.5_x_Product_pictures\205.5.6_x_VaterPictures\4838-2e.jpg,R:\205.5_x_Product_pictures\205.5.6_x_VaterPictures\4838-3e.jpg,,,
4858,R:\205.5_x_Product_pictures\205.5.6_x_VaterPictures\4858-1s.jpg,R:\205.5_x_Product_pictures\205.5.6_x_VaterPictures\4858-2s.jpg,R:\205.5_x_Product_pictures\205.5.6_x_VaterPictures\4858-3s.jpg,R:\205.5_x_Product_pictures\205.5.6_x_VaterPictures\4858-4s.jpg,,,R:\205.5_x_Product_pictures\205.5.6_x_VaterPictures\4858-1e.jpg,R:\205.5_x_Product_pictures\205.5.6_x_VaterPictures\4858-2e.jpg,R:\205.5_x_Product_pictures\205.5.6_x_VaterPictures\4858-3e.jpg,R:\205.5_x_Product_pictures\205.5.6_x_VaterPictures\4858-4e.jpg,,
4881,R:\205.5_x_Product_pictures\205.5.6_x_VaterPictures\4881-1s.jpg,,,,,,R:\205.5_x_Product_pictures\205.5.6_x_VaterPictures\4881-1e.jpg,,,,,
5012,R:\205.5_x_Product_pictures\205.5.6_x_VaterPictures\5012-1s.jpg,,,,,,R:\205.5_x_Product_pictures\205.5.6_x_VaterPictures\5012-1e.jpg,,,,,
5024,R:\205.5_x_Product_pictures\205.5.6_x_VaterPictures\5024-1s.jpg,R:\205.5_x_Product_pictures\205.5.6_x_VaterPictures\5024-2s.jpg,R:\205.5_x_Product_pictures\205.5.6_x_VaterPictures\5024-3s.jpg,R:\205.5_x_Product_pictures\205.5.6_x_VaterPictures\5024-4s.jpg,R:\205.5_x_Product_pictures\205.5.6_x_VaterPictures\5024-5s.jpg,,R:\205.5_x_Product_pictures\205.5.6_x_VaterPictures\5024-1e.jpg,R:\205.5_x_Product_pictures\205.5.6_x_VaterPictures\5024-2e.jpg,R:\205.5_x_Product_pictures\205.5.6_x_VaterPictures\5024-3e.jpg,R:\205.5_x_Product_pictures\205.5.6_x_VaterPictures\5024-4e.jpg,R:\205.5_x_Product_pictures\205.5.6_x_VaterPictures\5024-5e.jpg,
5036,R:\205.5_x_Product_pictures\205.5.6_x_VaterPictures\5036-1s.jpg,R:\205.5_x_Product_pictures\205.5.6_x_VaterPictures\5036-2s.jpg,R:\205.5_x_Product_pictures\205.5.6_x_VaterPictures\5036-3s.jpg,R:\205.5_x_Product_pictures\205.5.6_x_VaterPictures\5036-4s.jpg,,,R:\205.5_x_Product_pictures\205.5.6_x_VaterPictures\5036-1e.jpg,R:\205.5_x_Product_pictures\205.5.6_x_VaterPictures\5036-2e.jpg,R:\205.5_x_Product_pictures\205.5.6_x_VaterPictures\5036-3e.jpg,R:\205.5_x_Product_pictures\205.5.6_x_VaterPictures\5036-4e.jpg,,
5044,R:\205.5_x_Product_pictures\205.5.6_x_VaterPictures\5044-1s.jpg,R:\205.5_x_Product_pictures\205.5.6_x_VaterPictures\5044-2s.jpg,R:\205.5_x_Product_pictures\205.5.6_x_VaterPictures\5044-3s.jpg,R:\205.5_x_Product_pictures\205.5.6_x_VaterPictures\5044-4s.jpg,,,R:\205.5_x_Product_pictures\205.5.6_x_VaterPictures\5044-1e.jpg,R:\205.5_x_Product_pictures\205.5.6_x_VaterPictures\5044-2e.jpg,R:\205.5_x_Product_pictures\205.5.6_x_VaterPictures\5044-3e.jpg,R:\205.5_x_Product_pictures\205.5.6_x_VaterPictures\5044-4e.jpg,,
5056,R:\205.5_x_Product_pictures\205.5.6_x_VaterPictures\5056-1s.jpg,R:\205.5_x_Product_pictures\205.5.6_x_VaterPictures\5056-2s.jpg,R:\205.5_x_Product_pictures\205.5.6_x_VaterPictures\5056-3s.jpg,,,,R:\205.5_x_Product_pictures\205.5.6_x_VaterPictures\5056-1e.jpg,R:\205.5_x_Product_pictures\205.5.6_x_VaterPictures\5056-2e.jpg,R:\205.5_x_Product_pictures\205.5.6_x_VaterPictures\5056-3e.jpg,,,
5060,R:\205.5_x_Product_pictures\205.5.6_x_VaterPictures\5060-1s.jpg,R:\205.5_x_Product_pictures\205.5.6_x_VaterPictures\5060-2s.jpg,,,,,R:\205.5_x_Product_pictures\205.5.6_x_VaterPictures\5060-1e.jpg,R:\205.5_x_Product_pictures\205.5.6_x_VaterPictures\5060-2e.jpg,,,,
5079,R:\205.5_x_Product_pictures\205.5.6_x_VaterPictures\5079-1s.jpg,R:\205.5_x_Product_pictures\205.5.6_x_VaterPictures\5079-2s.jpg,R:\205.5_x_Product_pictures\205.5.6_x_VaterPictures\5079-3s.jpg,R:\205.5_x_Product_pictures\205.5.6_x_VaterPictures\5079-4s.jpg,R:\205.5_x_Product_pictures\205.5.6_x_VaterPictures\5079-5s.jpg,,R:\205.5_x_Product_pictures\205.5.6_x_VaterPictures\5079-1e.jpg,R:\205.5_x_Product_pictures\205.5.6_x_VaterPictures\5079-2e.jpg,R:\205.5_x_Product_pictures\205.5.6_x_VaterPictures\5079-3e.jpg,R:\205.5_x_Product_pictures\205.5.6_x_VaterPictures\5079-4e.jpg,R:\205.5_x_Product_pictures\205.5.6_x_VaterPictures\5079-5e.jpg,
5083,R:\205.5_x_Product_pictures\205.5.6_x_VaterPictures\5083-1s.jpg,R:\205.5_x_Product_pictures\205.5.6_x_VaterPictures\5083-2s.jpg,R:\205.5_x_Product_pictures\205.5.6_x_VaterPictures\5083-3s.jpg,R:\205.5_x_Product_pictures\205.5.6_x_VaterPictures\5083-4s.jpg,,,R:\205.5_x_Product_pictures\205.5.6_x_VaterPictures\5083-1e.jpg,R:\205.5_x_Product_pictures\205.5.6_x_VaterPictures\5083-2e.jpg,R:\205.5_x_Product_pictures\205.5.6_x_VaterPictures\5083-3e.jpg,R:\205.5_x_Product_pictures\205.5.6_x_VaterPictures\5083-4e.jpg,,
5087,R:\205.5_x_Product_pictures\205.5.6_x_VaterPictures\5087-1s.jpg,R:\205.5_x_Product_pictures\205.5.6_x_VaterPictures\5087-2s.jpg,,,,,R:\205.5_x_Product_pictures\205.5.6_x_VaterPictures\5087-1e.jpg,R:\205.5_x_Product_pictures\205.5.6_x_VaterPictures\5087-2e.jpg,,,,
5094,R:\205.5_x_Product_pictures\205.5.6_x_VaterPictures\5094-1s.jpg,R:\205.5_x_Product_pictures\205.5.6_x_VaterPictures\5094-2s.jpg,,,,,R:\205.5_x_Product_pictures\205.5.6_x_VaterPictures\5094-1e.jpg,R:\205.5_x_Product_pictures\205.5.6_x_VaterPictures\5094-2e.jpg,,,,
5194,R:\205.5_x_Product_pictures\205.5.6_x_VaterPictures\5194-1s.jpg,R:\205.5_x_Product_pictures\205.5.6_x_VaterPictures\5194-2s.jpg,,,,,R:\205.5_x_Product_pictures\205.5.6_x_VaterPictures\5194-1e.jpg,R:\205.5_x_Product_pictures\205.5.6_x_VaterPictures\5194-2e.jpg,,,,
5215,R:\205.5_x_Product_pictures\205.5.6_x_VaterPictures\5215-1s.jpg,R:\205.5_x_Product_pictures\205.5.6_x_VaterPictures\5215-2s.jpg,,,,,R:\205.5_x_Product_pictures\205.5.6_x_VaterPictures\5215-1e.jpg,R:\205.5_x_Product_pictures\205.5.6_x_VaterPictures\5215-2e.jpg,,,,
5234,R:\205.5_x_Product_pictures\205.5.6_x_VaterPictures\5234-1s.jpg,,,,,,R:\205.5_x_Product_pictures\205.5.6_x_VaterPictures\5234-1e.jpg,,,,,
5241,R:\205.5_x_Product_pictures\205.5.6_x_VaterPictures\5241-1s.jpg,,,,,,R:\205.5_x_Product_pictures\205.5.6_x_VaterPictures\5241-1e.jpg,,,,,
5244,R:\205.5_x_Product_pictures\205.5.6_x_VaterPictures\5244-1s.jpg,R:\205.5_x_Product_pictures\205.5.6_x_VaterPictures\5244-2s.jpg,R:\205.5_x_Product_pictures\205.5.6_x_VaterPictures\5244-3s.jpg,,,,R:\205.5_x_Product_pictures\205.5.6_x_VaterPictures\5244-1e.jpg,R:\205.5_x_Product_pictures\205.5.6_x_VaterPictures\5244-2e.jpg,R:\205.5_x_Product_pictures\205.5.6_x_VaterPictures\5244-3e.jpg,,,
5257,R:\205.5_x_Product_pictures\205.5.6_x_VaterPictures\5257-1s.jpg,R:\205.5_x_Product_pictures\205.5.6_x_VaterPictures\5257-2s.jpg,,,,,R:\205.5_x_Product_pictures\205.5.6_x_VaterPictures\5257-1e.jpg,R:\205.5_x_Product_pictures\205.5.6_x_VaterPictures\5257-2e.jpg,,,,
5281,R:\205.5_x_Product_pictures\205.5.6_x_VaterPictures\5281-1s.jpg,,,,,,R:\205.5_x_Product_pictures\205.5.6_x_VaterPictures\5281-1e.jpg,,,,,
5378,R:\205.5_x_Product_pictures\205.5.6_x_VaterPictures\5378-1s.jpg,R:\205.5_x_Product_pictures\205.5.6_x_VaterPictures\5378-2s.jpg,,,,,R:\205.5_x_Product_pictures\205.5.6_x_VaterPictures\5378-1e.jpg,R:\205.5_x_Product_pictures\205.5.6_x_VaterPictures\5378-2e.jpg,,,,
5380,R:\205.5_x_Product_pictures\205.5.6_x_VaterPictures\5380-1s.jpg,R:\205.5_x_Product_pictures\205.5.6_x_VaterPictures\5380-2s.jpg,,,,,R:\205.5_x_Product_pictures\205.5.6_x_VaterPictures\5380-1e.jpg,R:\205.5_x_Product_pictures\205.5.6_x_VaterPictures\5380-2e.jpg,,,,
5395,R:\205.5_x_Product_pictures\205.5.6_x_VaterPictures\5395-1s.jpg,,,,,,R:\205.5_x_Product_pictures\205.5.6_x_VaterPictures\5395-1e.jpg,,,,,
5539,R:\205.5_x_Product_pictures\205.5.6_x_VaterPictures\5539-1s.jpg,R:\205.5_x_Product_pictures\205.5.6_x_VaterPictures\5539-2s.jpg,R:\205.5_x_Product_pictures\205.5.6_x_VaterPictures\5539-3s.jpg,R:\205.5_x_Product_pictures\205.5.6_x_VaterPictures\5539-4s.jpg,,,R:\205.5_x_Product_pictures\205.5.6_x_VaterPictures\5539-1e.jpg,R:\205.5_x_Product_pictures\205.5.6_x_VaterPictures\5539-2e.jpg,R:\205.5_x_Product_pictures\205.5.6_x_VaterPictures\5539-3e.jpg,R:\205.5_x_Product_pictures\205.5.6_x_VaterPictures\5539-4e.jpg,,
5544,R:\205.5_x_Product_pictures\205.5.6_x_VaterPictures\5544-1s.jpg,R:\205.5_x_Product_pictures\205.5.6_x_VaterPictures\5544-2s.jpg,,,,,R:\205.5_x_Product_pictures\205.5.6_x_VaterPictures\5544-1e.jpg,R:\205.5_x_Product_pictures\205.5.6_x_VaterPictures\5544-2e.jpg,,,,
5574,R:\205.5_x_Product_pictures\205.5.6_x_VaterPictures\5574-1s.jpg,R:\205.5_x_Product_pictures\205.5.6_x_VaterPictures\5574-2s.jpg,,,,,R:\205.5_x_Product_pictures\205.5.6_x_VaterPictures\5574-1e.jpg,R:\205.5_x_Product_pictures\205.5.6_x_VaterPictures\5574-2e.jpg,,,,
5627,R:\205.5_x_Product_pictures\205.5.6_x_VaterPictures\5627-1s.jpg,R:\205.5_x_Product_pictures\205.5.6_x_VaterPictures\5627-2s.jpg,R:\205.5_x_Product_pictures\205.5.6_x_VaterPictures\5627-3s.jpg,R:\205.5_x_Product_pictures\205.5.6_x_VaterPictures\5627-4s.jpg,,,R:\205.5_x_Product_pictures\205.5.6_x_VaterPictures\5627-1e.jpg,R:\205.5_x_Product_pictures\205.5.6_x_VaterPictures\5627-2e.jpg,R:\205.5_x_Product_pictures\205.5.6_x_VaterPictures\5627-3e.jpg,R:\205.5_x_Product_pictures\205.5.6_x_VaterPictures\5627-4e.jpg,,
5663,R:\205.5_x_Product_pictures\205.5.6_x_VaterPictures\5663-1s.jpg,R:\205.5_x_Product_pictures\205.5.6_x_VaterPictures\5663-2s.jpg,R:\205.5_x_Product_pictures\205.5.6_x_VaterPictures\5663-3s.jpg,R:\205.5_x_Product_pictures\205.5.6_x_VaterPictures\5663-4s.jpg,,,R:\205.5_x_Product_pictures\205.5.6_x_VaterPictures\5663-1e.jpg,R:\205.5_x_Product_pictures\205.5.6_x_VaterPictures\5663-2e.jpg,R:\205.5_x_Product_pictures\205.5.6_x_VaterPictures\5663-3e.jpg,R:\205.5_x_Product_pictures\205.5.6_x_VaterPictures\5663-4e.jpg,,
5672,R:\205.5_x_Product_pictures\205.5.6_x_VaterPictures\5672-1s.jpg,R:\205.5_x_Product_pictures\205.5.6_x_VaterPictures\5672-2s.jpg,R:\205.5_x_Product_pictures\205.5.6_x_VaterPictures\5672-3s.jpg,R:\205.5_x_Product_pictures\205.5.6_x_VaterPictures\5672-4s.jpg,,,R:\205.5_x_Product_pictures\205.5.6_x_VaterPictures\5672-1e.jpg,R:\205.5_x_Product_pictures\205.5.6_x_VaterPictures\5672-2e.jpg,R:\205.5_x_Product_pictures\205.5.6_x_VaterPictures\5672-3e.jpg,R:\205.5_x_Product_pictures\205.5.6_x_VaterPictures\5672-4e.jpg,,
5681,R:\205.5_x_Product_pictures\205.5.6_x_VaterPictures\5681-1s.jpg,R:\205.5_x_Product_pictures\205.5.6_x_VaterPictures\5681-2s.jpg,,,,,R:\205.5_x_Product_pictures\205.5.6_x_VaterPictures\5681-1e.jpg,R:\205.5_x_Product_pictures\205.5.6_x_VaterPictures\5681-2e.jpg,,,,
5684,R:\205.5_x_Product_pictures\205.5.6_x_VaterPictures\5684-1s.jpg,,,,,,R:\205.5_x_Product_pictures\205.5.6_x_VaterPictures\5684-1e.jpg,,,,,
5716,R:\205.5_x_Product_pictures\205.5.6_x_VaterPictures\5716-1s.jpg,R:\205.5_x_Product_pictures\205.5.6_x_VaterPictures\5716-2s.jpg,,,,,R:\205.5_x_Product_pictures\205.5.6_x_VaterPictures\5716-1e.jpg,R:\205.5_x_Product_pictures\205.5.6_x_VaterPictures\5716-2e.jpg,,,,
5744,R:\205.5_x_Product_pictures\205.5.6_x_VaterPictures\5744-1s.jpg,R:\205.5_x_Product_pictures\205.5.6_x_VaterPictures\5744-2s.jpg,,,,,R:\205.5_x_Product_pictures\205.5.6_x_VaterPictures\5744-1e.jpg,R:\205.5_x_Product_pictures\205.5.6_x_VaterPictures\5744-2e.jpg,,,,
5765,R:\205.5_x_Product_pictures\205.5.6_x_VaterPictures\5765-1s.jpg,,,,,,R:\205.5_x_Product_pictures\205.5.6_x_VaterPictures\5765-1e.jpg,,,,,
5769,R:\205.5_x_Product_pictures\205.5.6_x_VaterPictures\5769-1s.jpg,,,,,,R:\205.5_x_Product_pictures\205.5.6_x_VaterPictures\5769-1e.jpg,,,,,
5772,R:\205.5_x_Product_pictures\205.5.6_x_VaterPictures\5772-1s.jpg,,,,,,R:\205.5_x_Product_pictures\205.5.6_x_VaterPictures\5772-1e.jpg,,,,,
5777,R:\205.5_x_Product_pictures\205.5.6_x_VaterPictures\5777-1s.jpg,,,,,,R:\205.5_x_Product_pictures\205.5.6_x_VaterPictures\5777-1e.jpg,,,,,
5785,R:\205.5_x_Product_pictures\205.5.6_x_VaterPictures\5785-1s.jpg,R:\205.5_x_Product_pictures\205.5.6_x_VaterPictures\5785-2s.jpg,,,,,R:\205.5_x_Product_pictures\205.5.6_x_VaterPictures\5785-1e.jpg,R:\205.5_x_Product_pictures\205.5.6_x_VaterPictures\5785-2e.jpg,,,,
5820,R:\205.5_x_Product_pictures\205.5.6_x_VaterPictures\5820-1s.jpg,,,,,,R:\205.5_x_Product_pictures\205.5.6_x_VaterPictures\5820-1e.jpg,,,,,
5829,R:\205.5_x_Product_pictures\205.5.6_x_VaterPictures\5829-1s.jpg,,,,,,R:\205.5_x_Product_pictures\205.5.6_x_VaterPictures\5829-1e.jpg,,,,,
5838,R:\205.5_x_Product_pictures\205.5.6_x_VaterPictures\5838-1s.jpg,,,,,,R:\205.5_x_Product_pictures\205.5.6_x_VaterPictures\5838-1e.jpg,,,,,
5856,R:\205.5_x_Product_pictures\205.5.6_x_VaterPictures\5856-1s.jpg,,,,,,R:\205.5_x_Product_pictures\205.5.6_x_VaterPictures\5856-1e.jpg,,,,,
5866,R:\205.5_x_Product_pictures\205.5.6_x_VaterPictures\5866-1s.jpg,R:\205.5_x_Product_pictures\205.5.6_x_VaterPictures\5866-2s.jpg,,,,,R:\205.5_x_Product_pictures\205.5.6_x_VaterPictures\5866-1e.jpg,R:\205.5_x_Product_pictures\205.5.6_x_VaterPictures\5866-2e.jpg,,,,
5874,R:\205.5_x_Product_pictures\205.5.6_x_VaterPictures\5874-1s.jpg,R:\205.5_x_Product_pictures\205.5.6_x_VaterPictures\5874-2s.jpg,R:\205.5_x_Product_pictures\205.5.6_x_VaterPictures\5874-3s.jpg,,,,R:\205.5_x_Product_pictures\205.5.6_x_VaterPictures\5874-1e.jpg,R:\205.5_x_Product_pictures\205.5.6_x_VaterPictures\5874-2e.jpg,R:\205.5_x_Product_pictures\205.5.6_x_VaterPictures\5874-3e.jpg,,,
5889,R:\205.5_x_Product_pictures\205.5.6_x_VaterPictures\5889-1s.jpg,,,,,,R:\205.5_x_Product_pictures\205.5.6_x_VaterPictures\5889-1e.jpg,,,,,
5896,R:\205.5_x_Product_pictures\205.5.6_x_VaterPictures\5896-1s.jpg,R:\205.5_x_Product_pictures\205.5.6_x_VaterPictures\5896-2s.jpg,,,,,R:\205.5_x_Product_pictures\205.5.6_x_VaterPictures\5896-1e.jpg,R:\205.5_x_Product_pictures\205.5.6_x_VaterPictures\5896-2e.jpg,,,,
5902,R:\205.5_x_Product_pictures\205.5.6_x_VaterPictures\5902-1s.jpg,R:\205.5_x_Product_pictures\205.5.6_x_VaterPictures\5902-2s.jpg,R:\205.5_x_Product_pictures\205.5.6_x_VaterPictures\5902-3s.jpg,R:\205.5_x_Product_pictures\205.5.6_x_VaterPictures\5902-4s.jpg,,,R:\205.5_x_Product_pictures\205.5.6_x_VaterPictures\5902-1e.jpg,R:\205.5_x_Product_pictures\205.5.6_x_VaterPictures\5902-2e.jpg,R:\205.5_x_Product_pictures\205.5.6_x_VaterPictures\5902-3e.jpg,R:\205.5_x_Product_pictures\205.5.6_x_VaterPictures\5902-4e.jpg,,
5909,R:\205.5_x_Product_pictures\205.5.6_x_VaterPictures\5909-1s.jpg,,,,,,R:\205.5_x_Product_pictures\205.5.6_x_VaterPictures\5909-1e.jpg,,,,,
5912,R:\205.5_x_Product_pictures\205.5.6_x_VaterPictures\5912-1s.jpg,,,,,,R:\205.5_x_Product_pictures\205.5.6_x_VaterPictures\5912-1e.jpg,,,,,
5943,R:\205.5_x_Product_pictures\205.5.6_x_VaterPictures\5943-1s.jpg,,,,,,R:\205.5_x_Product_pictures\205.5.6_x_VaterPictures\5943-1e.jpg,,,,,
5954,R:\205.5_x_Product_pictures\205.5.6_x_VaterPictures\5954-1s.jpg,,,,,,R:\205.5_x_Product_pictures\205.5.6_x_VaterPictures\5954-1e.jpg,,,,,
5973,R:\205.5_x_Product_pictures\205.5.6_x_VaterPictures\5973-1s.jpg,R:\205.5_x_Product_pictures\205.5.6_x_VaterPictures\5973-2s.jpg,,,,,R:\205.5_x_Product_pictures\205.5.6_x_VaterPictures\5973-1e.jpg,R:\205.5_x_Product_pictures\205.5.6_x_VaterPictures\5973-2e.jpg,,,,
5990,R:\205.5_x_Product_pictures\205.5.6_x_VaterPictures\5990-1s.jpg,R:\205.5_x_Product_pictures\205.5.6_x_VaterPictures\5990-2s.jpg,R:\205.5_x_Product_pictures\205.5.6_x_VaterPictures\5990-3s.jpg,R:\205.5_x_Product_pictures\205.5.6_x_VaterPictures\5990-4s.jpg,R:\205.5_x_Product_pictures\205.5.6_x_VaterPictures\5990-5s.jpg,R:\205.5_x_Product_pictures\205.5.6_x_VaterPictures\5990-6s.jpg,R:\205.5_x_Product_pictures\205.5.6_x_VaterPictures\5990-1e.jpg,R:\205.5_x_Product_pictures\205.5.6_x_VaterPictures\5990-2e.jpg,R:\205.5_x_Product_pictures\205.5.6_x_VaterPictures\5990-3e.jpg,R:\205.5_x_Product_pictures\205.5.6_x_VaterPictures\5990-4e.jpg,R:\205.5_x_Product_pictures\205.5.6_x_VaterPictures\5990-5e.jpg,R:\205.5_x_Product_pictures\205.5.6_x_VaterPictures\5990-6e.jpg
5996,R:\205.5_x_Product_pictures\205.5.6_x_VaterPictures\5996-1s.jpg,R:\205.5_x_Product_pictures\205.5.6_x_VaterPictures\5996-2s.jpg,R:\205.5_x_Product_pictures\205.5.6_x_VaterPictures\5996-3s.jpg,,,,R:\205.5_x_Product_pictures\205.5.6_x_VaterPictures\5996-1e.jpg,R:\205.5_x_Product_pictures\205.5.6_x_VaterPictures\5996-2e.jpg,R:\205.5_x_Product_pictures\205.5.6_x_VaterPictures\5996-3e.jpg,,,
6046,R:\205.5_x_Product_pictures\205.5.6_x_VaterPictures\6046-1s.jpg,,,,,,R:\205.5_x_Product_pictures\205.5.6_x_VaterPictures\6046-1e.jpg,,,,,
6084,R:\205.5_x_Product_pictures\205.5.6_x_VaterPictures\6084-1s.jpg,R:\205.5_x_Product_pictures\205.5.6_x_VaterPictures\6084-2s.jpg,,,,,R:\205.5_x_Product_pictures\205.5.6_x_VaterPictures\6084-1e.jpg,R:\205.5_x_Product_pictures\205.5.6_x_VaterPictures\6084-2e.jpg,,,,
6091,R:\205.5_x_Product_pictures\205.5.6_x_VaterPictures\6091-1s.jpg,,,,,,R:\205.5_x_Product_pictures\205.5.6_x_VaterPictures\6091-1e.jpg,,,,,
6210,R:\205.5_x_Product_pictures\205.5.6_x_VaterPictures\6210-1s.jpg,R:\205.5_x_Product_pictures\205.5.6_x_VaterPictures\6210-2s.jpg,,,,,R:\205.5_x_Product_pictures\205.5.6_x_VaterPictures\6210-1e.jpg,R:\205.5_x_Product_pictures\205.5.6_x_VaterPictures\6210-2e.jpg,,,,
6237,R:\205.5_x_Product_pictures\205.5.6_x_VaterPictures\6237-1s.jpg,R:\205.5_x_Product_pictures\205.5.6_x_VaterPictures\6237-2s.jpg,R:\205.5_x_Product_pictures\205.5.6_x_VaterPictures\6237-3s.jpg,,,,R:\205.5_x_Product_pictures\205.5.6_x_VaterPictures\6237-1e.jpg,R:\205.5_x_Product_pictures\205.5.6_x_VaterPictures\6237-2e.jpg,R:\205.5_x_Product_pictures\205.5.6_x_VaterPictures\6237-3e.jpg,,,
6243,R:\205.5_x_Product_pictures\205.5.6_x_VaterPictures\6243-1s.jpg,R:\205.5_x_Product_pictures\205.5.6_x_VaterPictures\6243-2s.jpg,,,,,R:\205.5_x_Product_pictures\205.5.6_x_VaterPictures\6243-1e.jpg,R:\205.5_x_Product_pictures\205.5.6_x_VaterPictures\6243-2e.jpg,,,,
6505,R:\205.5_x_Product_pictures\205.5.6_x_VaterPictures\6505-1s.jpg,R:\205.5_x_Product_pictures\205.5.6_x_VaterPictures\6505-2s.jpg,R:\205.5_x_Product_pictures\205.5.6_x_VaterPictures\6505-3s.jpg,,,,R:\205.5_x_Product_pictures\205.5.6_x_VaterPictures\6505-1e.jpg,R:\205.5_x_Product_pictures\205.5.6_x_VaterPictures\6505-2e.jpg,R:\205.5_x_Product_pictures\205.5.6_x_VaterPictures\6505-3e.jpg,,,
6646,R:\205.5_x_Product_pictures\205.5.6_x_VaterPictures\6646-1s.jpg,R:\205.5_x_Product_pictures\205.5.6_x_VaterPictures\6646-2s.jpg,R:\205.5_x_Product_pictures\205.5.6_x_VaterPictures\6646-3s.jpg,,,,R:\205.5_x_Product_pictures\205.5.6_x_VaterPictures\6646-1e.jpg,R:\205.5_x_Product_pictures\205.5.6_x_VaterPictures\6646-2e.jpg,R:\205.5_x_Product_pictures\205.5.6_x_VaterPictures\6646-3e.jpg,,,
6651,R:\205.5_x_Product_pictures\205.5.6_x_VaterPictures\6651-1s.jpg,R:\205.5_x_Product_pictures\205.5.6_x_VaterPictures\6651-2s.jpg,,,,,R:\205.5_x_Product_pictures\205.5.6_x_VaterPictures\6651-1e.jpg,R:\205.5_x_Product_pictures\205.5.6_x_VaterPictures\6651-2e.jpg,,,,
7063,R:\205.5_x_Product_pictures\205.5.6_x_VaterPictures\7063-1s.jpg,,,,,,R:\205.5_x_Product_pictures\205.5.6_x_VaterPictures\7063-1e.jpg,,,,,
7248,R:\205.5_x_Product_pictures\205.5.6_x_VaterPictures\7248-1s.jpg,,,,,,R:\205.5_x_Product_pictures\205.5.6_x_VaterPictures\7248-1e.jpg,,,,,
7256,R:\205.5_x_Product_pictures\205.5.6_x_VaterPictures\7256-1s.jpg,,,,,,R:\205.5_x_Product_pictures\205.5.6_x_VaterPictures\7256-1e.jpg,,,,,
7260,R:\205.5_x_Product_pictures\205.5.6_x_VaterPictures\7260-1s.jpg,,,,,,R:\205.5_x_Product_pictures\205.5.6_x_VaterPictures\7260-1e.jpg,,,,,
7836,R:\205.5_x_Product_pictures\205.5.6_x_VaterPictures\7836-1s.jpg,R:\205.5_x_Product_pictures\205.5.6_x_VaterPictures\7836-2s.jpg,,,,,R:\205.5_x_Product_pictures\205.5.6_x_VaterPictures\7836-1e.jpg,R:\205.5_x_Product_pictures\205.5.6_x_VaterPictures\7836-2e.jpg,,,,
8021,R:\205.5_x_Product_pictures\205.5.6_x_VaterPictures\8021-1s.jpg,,,,,,R:\205.5_x_Product_pictures\205.5.6_x_VaterPictures\8021-1e.jpg,,,,,
8275,R:\205.5_x_Product_pictures\205.5.6_x_VaterPictures\8275-1s.jpg,R:\205.5_x_Product_pictures\205.5.6_x_VaterPictures\8275-2s.jpg,,,,,R:\205.5_x_Product_pictures\205.5.6_x_VaterPictures\8275-1e.jpg,R:\205.5_x_Product_pictures\205.5.6_x_VaterPictures\8275-2e.jpg,,,,
8318,R:\205.5_x_Product_pictures\205.5.6_x_VaterPictures\8318-1s.jpg,R:\205.5_x_Product_pictures\205.5.6_x_VaterPictures\8318-2s.jpg,,,,,R:\205.5_x_Product_pictures\205.5.6_x_VaterPictures\8318-1e.jpg,R:\205.5_x_Product_pictures\205.5.6_x_VaterPictures\8318-2e.jpg,,,,
8377,R:\205.5_x_Product_pictures\205.5.6_x_VaterPictures\8377-1s.jpg,,,,,,R:\205.5_x_Product_pictures\205.5.6_x_VaterPictures\8377-1e.jpg,,,,,
8390,R:\205.5_x_Product_pictures\205.5.6_x_VaterPictures\8390-1s.jpg,R:\205.5_x_Product_pictures\205.5.6_x_VaterPictures\8390-2s.jpg,,,,,R:\205.5_x_Product_pictures\205.5.6_x_VaterPictures\8390-1e.jpg,R:\205.5_x_Product_pictures\205.5.6_x_VaterPictures\8390-2e.jpg,,,,
8407,R:\205.5_x_Product_pictures\205.5.6_x_VaterPictures\8407-1s.jpg,,,,,,R:\205.5_x_Product_pictures\205.5.6_x_VaterPictures\8407-1e.jpg,,,,,
8465,R:\205.5_x_Product_pictures\205.5.6_x_VaterPictures\8465-1s.jpg,,,,,,R:\205.5_x_Product_pictures\205.5.6_x_VaterPictures\8465-1e.jpg,,,,,
8482,R:\205.5_x_Product_pictures\205.5.6_x_VaterPictures\8482-1s.jpg,,,,,,R:\205.5_x_Product_pictures\205.5.6_x_VaterPictures\8482-1e.jpg,,,,,
8493,R:\205.5_x_Product_pictures\205.5.6_x_VaterPictures\8493-1s.jpg,,,,,,R:\205.5_x_Product_pictures\205.5.6_x_VaterPictures\8493-1e.jpg,,,,,
8514,R:\205.5_x_Product_pictures\205.5.6_x_VaterPictures\8514-1s.jpg,,,,,,R:\205.5_x_Product_pictures\205.5.6_x_VaterPictures\8514-1e.jpg,,,,,
8524,R:\205.5_x_Product_pictures\205.5.6_x_VaterPictures\8524-1s.jpg,,,,,,R:\205.5_x_Product_pictures\205.5.6_x_VaterPictures\8524-1e.jpg,,,,,
8530,R:\205.5_x_Product_pictures\205.5.6_x_VaterPictures\8530-1s.jpg,,,,,,R:\205.5_x_Product_pictures\205.5.6_x_VaterPictures\8530-1e.jpg,,,,,
8534,R:\205.5_x_Product_pictures\205.5.6_x_VaterPictures\8534-1s.jpg,,,,,,R:\205.5_x_Product_pictures\205.5.6_x_VaterPictures\8534-1e.jpg,,,,,
8544,R:\205.5_x_Product_pictures\205.5.6_x_VaterPictures\8544-1s.jpg,,,,,,R:\205.5_x_Product_pictures\205.5.6_x_VaterPictures\8544-1e.jpg,,,,,
8548,R:\205.5_x_Product_pictures\205.5.6_x_VaterPictures\8548-1s.jpg,,,,,,R:\205.5_x_Product_pictures\205.5.6_x_VaterPictures\8548-1e.jpg,,,,,
8554,R:\205.5_x_Product_pictures\205.5.6_x_VaterPictures\8554-1s.jpg,,,,,,R:\205.5_x_Product_pictures\205.5.6_x_VaterPictures\8554-1e.jpg,,,,,
8570,R:\205.5_x_Product_pictures\205.5.6_x_VaterPictures\8570-1s.jpg,,,,,,R:\205.5_x_Product_pictures\205.5.6_x_VaterPictures\8570-1e.jpg,,,,,
8604,R:\205.5_x_Product_pictures\205.5.6_x_VaterPictures\8604-1s.jpg,,,,,,R:\205.5_x_Product_pictures\205.5.6_x_VaterPictures\8604-1e.jpg,,,,,
8625,R:\205.5_x_Product_pictures\205.5.6_x_VaterPictures\8625-1s.jpg,,,,,,R:\205.5_x_Product_pictures\205.5.6_x_VaterPictures\8625-1e.jpg,,,,,
8638,R:\205.5_x_Product_pictures\205.5.6_x_VaterPictures\8638-1s.jpg,,,,,,R:\205.5_x_Product_pictures\205.5.6_x_VaterPictures\8638-1e.jpg,,,,,
8647,R:\205.5_x_Product_pictures\205.5.6_x_VaterPictures\8647-1s.jpg,R:\205.5_x_Product_pictures\205.5.6_x_VaterPictures\8647-2s.jpg,,,,,R:\205.5_x_Product_pictures\205.5.6_x_VaterPictures\8647-1e.jpg,R:\205.5_x_Product_pictures\205.5.6_x_VaterPictures\8647-2e.jpg,,,,
8655,R:\205.5_x_Product_pictures\205.5.6_x_VaterPictures\8655-1s.jpg,,,,,,R:\205.5_x_Product_pictures\205.5.6_x_VaterPictures\8655-1e.jpg,,,,,
8672,R:\205.5_x_Product_pictures\205.5.6_x_VaterPictures\8672-1s.jpg,,,,,,R:\205.5_x_Product_pictures\205.5.6_x_VaterPictures\8672-1e.jpg,,,,,
8749,R:\205.5_x_Product_pictures\205.5.6_x_VaterPictures\8749-1s.jpg,,,,,,R:\205.5_x_Product_pictures\205.5.6_x_VaterPictures\8749-1e.jpg,,,,,
8755,R:\205.5_x_Product_pictures\205.5.6_x_VaterPictures\8755-1s.jpg,,,,,,R:\205.5_x_Product_pictures\205.5.6_x_VaterPictures\8755-1e.jpg,,,,,
8759,R:\205.5_x_Product_pictures\205.5.6_x_VaterPictures\8759-1s.jpg,,,,,,R:\205.5_x_Product_pictures\205.5.6_x_VaterPictures\8759-1e.jpg,,,,,
8770,R:\205.5_x_Product_pictures\205.5.6_x_VaterPictures\8770-1s.jpg,,,,,,R:\205.5_x_Product_pictures\205.5.6_x_VaterPictures\8770-1e.jpg,,,,,
8777,R:\205.5_x_Product_pictures\205.5.6_x_VaterPictures\8777-1s.jpg,,,,,,R:\205.5_x_Product_pictures\205.5.6_x_VaterPictures\8777-1e.jpg,,,,,
8910,R:\205.5_x_Product_pictures\205.5.6_x_VaterPictures\8910-1s.jpg,,,,,,R:\205.5_x_Product_pictures\205.5.6_x_VaterPictures\8910-1e.jpg,,,,,
8918,R:\205.5_x_Product_pictures\205.5.6_x_VaterPictures\8918-1s.jpg,,,,,,R:\205.5_x_Product_pictures\205.5.6_x_VaterPictures\8918-1e.jpg,,,,,
9683,R:\205.5_x_Product_pictures\205.5.6_x_VaterPictures\9683-1s.jpg,,,,,,R:\205.5_x_Product_pictures\205.5.6_x_VaterPictures\9683-1e.jpg,,,,,
10817,R:\205.5_x_Product_pictures\205.5.6_x_VaterPictures\10817-1s.jpg,,,,,,R:\205.5_x_Product_pictures\205.5.6_x_VaterPictures\10817-1e.jpg,,,,,
