KID,1s,2s,3s,4s,5s,6s,1e,2e,3e,4e,5e,6e
2029,R:\205.5_x_Product_pictures\205.5.7_x_ChildPictures\2029-1s.jpg,,,,,,R:\205.5_x_Product_pictures\205.5.7_x_ChildPictures\2029-1e.jpg,,,,,
2625,R:\205.5_x_Product_pictures\205.5.7_x_ChildPictures\2625-1s.jpg,,,,,,R:\205.5_x_Product_pictures\205.5.7_x_ChildPictures\2625-1e.jpg,,,,,
2629,R:\205.5_x_Product_pictures\205.5.7_x_ChildPictures\2629-1s.jpg,,,,,,R:\205.5_x_Product_pictures\205.5.7_x_ChildPictures\2629-1e.jpg,,,,,
2030,R:\205.5_x_Product_pictures\205.5.7_x_ChildPictures\2030-1s.jpg,,,,,,R:\205.5_x_Product_pictures\205.5.7_x_ChildPictures\2030-1e.jpg,,,,,
5520,R:\205.5_x_Product_pictures\205.5.7_x_ChildPictures\5520-1s.jpg,,,,,,R:\205.5_x_Product_pictures\205.5.7_x_ChildPictures\5520-1e.jpg,,,,,
2628,R:\205.5_x_Product_pictures\205.5.7_x_ChildPictures\2628-1s.jpg,,,,,,R:\205.5_x_Product_pictures\205.5.7_x_ChildPictures\2628-1e.jpg,,,,,
2031,R:\205.5_x_Product_pictures\205.5.7_x_ChildPictures\2031-1s.jpg,,,,,,R:\205.5_x_Product_pictures\205.5.7_x_ChildPictures\2031-1e.jpg,,,,,
2627,R:\205.5_x_Product_pictures\205.5.7_x_ChildPictures\2627-1s.jpg,,,,,,R:\205.5_x_Product_pictures\205.5.7_x_ChildPictures\2627-1e.jpg,,,,,
2626,R:\205.5_x_Product_pictures\205.5.7_x_ChildPictures\2626-1s.jpg,,,,,,R:\205.5_x_Product_pictures\205.5.7_x_ChildPictures\2626-1e.jpg,,,,,
5518,R:\205.5_x_Product_pictures\205.5.7_x_ChildPictures\5518-1s.jpg,,,,,,R:\205.5_x_Product_pictures\205.5.7_x_ChildPictures\5518-1e.jpg,,,,,
5519,R:\205.5_x_Product_pictures\205.5.7_x_ChildPictures\5519-1s.jpg,,,,,,R:\205.5_x_Product_pictures\205.5.7_x_ChildPictures\5519-1e.jpg,,,,,
5510,R:\205.5_x_Product_pictures\205.5.7_x_ChildPictures\5510-1s.jpg,,,,,,R:\205.5_x_Product_pictures\205.5.7_x_ChildPictures\5510-1e.jpg,,,,,
5511,R:\205.5_x_Product_pictures\205.5.7_x_ChildPictures\5511-1s.jpg,,,,,,R:\205.5_x_Product_pictures\205.5.7_x_ChildPictures\5511-1e.jpg,,,,,
5513,R:\205.5_x_Product_pictures\205.5.7_x_ChildPictures\5513-1s.jpg,,,,,,R:\205.5_x_Product_pictures\205.5.7_x_ChildPictures\5513-1e.jpg,,,,,
5512,R:\205.5_x_Product_pictures\205.5.7_x_ChildPictures\5512-1s.jpg,,,,,,R:\205.5_x_Product_pictures\205.5.7_x_ChildPictures\5512-1e.jpg,,,,,
5521,R:\205.5_x_Product_pictures\205.5.7_x_ChildPictures\5521-1s.jpg,,,,,,R:\205.5_x_Product_pictures\205.5.7_x_ChildPictures\5521-1e.jpg,,,,,
